Quantity,Classical,Annealing,Relative Difference
Number of Opt. Steps,19,9,-52.63157894736842
Objective Fct.,0.0005638545918229842,0.0006639980607746945,17.760513154275987
