Quantity,Classical,Annealing,Relative Difference
Number of Opt. Steps,20,10,-50.0
Objective Fct.,0.000361612978059286,0.0004291707772717822,18.68234917205327
