Opt. Step,Classical,Annealing
1,0.00010686499379022454,0.016049239767358225
2,0.009209711957422852,0.0007231422757958569
3,0.023572650863490203,0.0004910650173369743
4,0.027410310198934956,0.00047317548817929684
5,0.01953756260406437,0.00046030810153051835
6,0.009344223221208748,0.0004510519305416463
7,0.0014646015599398465,0.0004432483077054345
8,0.0006995145430617735,0.0004372925898599501
9,0.00047597282105350927,0.0004328044217878674
10,0.0003980881935891945,0.0004291707772717822
11,0.0003700098403164501,
12,0.00035785962789279416,
13,0.0003508159768053058,
14,0.00034699358915388147,
15,0.000343892932236323,
16,0.00036473200675889535,
17,0.00035824826227811256,
18,0.00035598519513503494,
19,0.00036179966330511396,
20,0.0003595018842572724,
