Quantity,Classical,Annealing,Relative Difference
Number of Opt. Steps,19,7,-63.1578947368421
Objective Fct.,0.009526348826355604,0.010084371589252884,5.857677196886323
