Opt. Step,Classical,Annealing
1,0.0028356281238802027,0.025325045455265614
2,0.013074139678370261,0.012358409045255868
3,0.028868651100458092,0.011357034521280174
4,0.030145991755942507,0.010674513680823183
5,0.019885346699445923,0.010290454025845329
6,0.011982562859604941,0.010142465607098135
7,0.008088337101267872,0.010084371589252884
8,0.007181516063976149,
9,0.006939855865630391,
10,0.006859107349955545,
11,0.006830863160008763,
12,0.010730826212055239,
13,0.009243574904551594,
14,0.00885689937841747,
15,0.00877298804282824,
16,0.009810340824176046,
17,0.009477482971529557,
18,0.009287523366068888,
19,0.009197053793513963,
