Quantity,Classical,Annealing,Relative Difference
Number of Opt. Steps,18,9,-50.0
Objective Fct.,0.0010012216852836888,0.0011640829792252182,16.266257147175534
