Opt. Step,Classical,Annealing
1,0.0003056403243043851,0.01629071076052125
2,0.00973088443197629,0.0016420260336974482
3,0.024415059407092047,0.001341402494890944
4,0.027679948567527105,0.0012806692268941303
5,0.019077677859234934,0.0012433863192941655
6,0.009190231085249736,0.001216783101857816
7,0.002179670254546448,0.0011970748437137959
8,0.0013166461238538086,0.001174710030063406
9,0.0010335228937125428,0.0011640829792252182
10,0.0009350850630479472,
11,0.0009101469579163061,
12,0.0009012123213656074,
13,0.0010247652054042277,
14,0.000985589568269104,
15,0.0009758755467909769,
16,0.0010102968837478463,
17,0.000998319058035065,
18,0.0009916412851269556,
