Quantity,Classical,Annealing,Relative Difference
Number of Opt. Steps,19,10,-47.368421052631575
Objective Fct.,0.0022585204156898592,0.0024902384943217702,10.259729202453691
