Opt. Step,Classical,Annealing
1,0.0006544044815819275,0.017963443243232992
2,0.010279815404827159,0.0033386488105671733
3,0.02515789424963686,0.002940637503238117
4,0.028025913223040905,0.0027855552625363567
5,0.018983073502478204,0.0026765719984656504
6,0.0095635059788426,0.0026261696060649936
7,0.0033044182188677576,0.0025779635219786976
8,0.002327099365649799,0.0025466689577196347
9,0.0020184525531935045,0.0025030098345594433
10,0.0019351643035775419,0.0024902384943217702
11,0.001915288322370877,
12,0.0019085236036779601,
13,0.0023753046751352645,
14,0.002220000556288685,
15,0.0021803581654240146,
16,0.002170558240058756,
17,0.0022935244889049507,
18,0.0022507082247070743,
19,0.002229400980622547,
