Opt. Step,Classical,Annealing
1,0.001291177124467389,0.020346737524760867
2,0.001308004134037117,0.014870822288675
3,0.0013359902370118693,0.013405506524029633
4,0.0013917538336917755,0.012687255415105835
5,0.0013897537807040477,0.012229017179095612
6,0.002067381092455548,0.012089643167481528
7,0.0020647445926770622,0.011983384937854957
8,0.008265813511033357,
9,0.007921000238180856,
10,0.007542358621352571,
11,0.007189972093007689,
12,0.006801104173554528,
13,0.006409177422759535,
14,0.006052432838773558,
15,0.005801641456075273,
16,0.005629772653716941,
17,0.005526299650121492,
18,0.005437732581632635,
19,0.005378629764643349,
20,0.005332535423412344,
21,0.012593551995900088,
22,0.009513737466044381,
23,0.008877279050627488,
24,0.008720374462198121,
25,0.008647507215201963,
26,0.01086862857115451,
27,0.010109532909712322,
28,0.009762729460338447,
29,0.00961873874934866,
30,0.009554308273381612,
