Quantity,Classical,Annealing,Relative Difference
Number of Opt. Steps,30,7,-76.66666666666667
Objective Fct.,0.00998718787665346,0.011983384937854957,19.98757894469879
